--
-- PostgreSQL database dump
--

\restrict c9IxqqzWLGHQ4B9D7zyTAdWVOhGfx5ZWTrmWlooha7KoE439TuQgfY9PILsENaa

-- Dumped from database version 18.4
-- Dumped by pg_dump version 18.4

-- Started on 2026-07-07 16:29:57

SET statement_timeout = 0;
SET lock_timeout = 0;
SET idle_in_transaction_session_timeout = 0;
SET transaction_timeout = 0;
SET client_encoding = 'UTF8';
SET standard_conforming_strings = on;
SELECT pg_catalog.set_config('search_path', '', false);
SET check_function_bodies = false;
SET xmloption = content;
SET client_min_messages = warning;
SET row_security = off;

SET default_tablespace = '';

SET default_table_access_method = heap;

--
-- TOC entry 222 (class 1259 OID 16405)
-- Name: alarms; Type: TABLE; Schema: public; Owner: postgres
--

CREATE TABLE public.alarms (
    alarm_id integer NOT NULL,
    user_id integer NOT NULL,
    alarm_name character varying(100) NOT NULL,
    alarm_time time without time zone NOT NULL,
    alarm_type character varying(50) NOT NULL,
    recurrence_type character varying(50),
    is_smart_alarm boolean
);


ALTER TABLE public.alarms OWNER TO postgres;

--
-- TOC entry 221 (class 1259 OID 16404)
-- Name: alarms_alarm_id_seq; Type: SEQUENCE; Schema: public; Owner: postgres
--

ALTER TABLE public.alarms ALTER COLUMN alarm_id ADD GENERATED BY DEFAULT AS IDENTITY (
    SEQUENCE NAME public.alarms_alarm_id_seq
    START WITH 1
    INCREMENT BY 1
    NO MINVALUE
    NO MAXVALUE
    CACHE 1
);


--
-- TOC entry 224 (class 1259 OID 16421)
-- Name: habits; Type: TABLE; Schema: public; Owner: postgres
--

CREATE TABLE public.habits (
    habit_id integer NOT NULL,
    user_id integer NOT NULL,
    habit_preference text,
    habit_consistency character varying(50),
    habit_adherence character varying(50),
    sleep_routine character varying(50)
);


ALTER TABLE public.habits OWNER TO postgres;

--
-- TOC entry 223 (class 1259 OID 16420)
-- Name: habits_habit_id_seq; Type: SEQUENCE; Schema: public; Owner: postgres
--

ALTER TABLE public.habits ALTER COLUMN habit_id ADD GENERATED BY DEFAULT AS IDENTITY (
    SEQUENCE NAME public.habits_habit_id_seq
    START WITH 1
    INCREMENT BY 1
    NO MINVALUE
    NO MAXVALUE
    CACHE 1
);


--
-- TOC entry 228 (class 1259 OID 16449)
-- Name: reports; Type: TABLE; Schema: public; Owner: postgres
--

CREATE TABLE public.reports (
    report_id integer NOT NULL,
    user_id integer NOT NULL,
    report_type character varying(100) NOT NULL,
    report_format character varying(50),
    report_data text
);


ALTER TABLE public.reports OWNER TO postgres;

--
-- TOC entry 227 (class 1259 OID 16448)
-- Name: reports_report_id_seq; Type: SEQUENCE; Schema: public; Owner: postgres
--

ALTER TABLE public.reports ALTER COLUMN report_id ADD GENERATED BY DEFAULT AS IDENTITY (
    SEQUENCE NAME public.reports_report_id_seq
    START WITH 1
    INCREMENT BY 1
    NO MINVALUE
    NO MAXVALUE
    CACHE 1
);


--
-- TOC entry 226 (class 1259 OID 16436)
-- Name: scores; Type: TABLE; Schema: public; Owner: postgres
--

CREATE TABLE public.scores (
    score_id integer NOT NULL,
    user_id integer NOT NULL,
    wakeup_consistency_score numeric(5,2),
    habit_adherence_score numeric(5,2),
    challenge_completion_score numeric(5,2),
    productivity_score numeric(5,2),
    sleep_routine_score numeric(5,2)
);


ALTER TABLE public.scores OWNER TO postgres;

--
-- TOC entry 225 (class 1259 OID 16435)
-- Name: scores_score_id_seq; Type: SEQUENCE; Schema: public; Owner: postgres
--

ALTER TABLE public.scores ALTER COLUMN score_id ADD GENERATED BY DEFAULT AS IDENTITY (
    SEQUENCE NAME public.scores_score_id_seq
    START WITH 1
    INCREMENT BY 1
    NO MINVALUE
    NO MAXVALUE
    CACHE 1
);


--
-- TOC entry 220 (class 1259 OID 16390)
-- Name: users; Type: TABLE; Schema: public; Owner: postgres
--

CREATE TABLE public.users (
    user_id integer NOT NULL,
    full_name character varying(100) NOT NULL,
    email character varying(150) NOT NULL,
    password character varying(255) NOT NULL,
    role character varying(50) NOT NULL,
    preferred_wakeup_time time without time zone,
    sleep_duration numeric(4,2),
    time_zone character varying(100),
    productivity_goal text,
    difficulty_preference character varying(50),
    habit_preference text
);


ALTER TABLE public.users OWNER TO postgres;

--
-- TOC entry 219 (class 1259 OID 16389)
-- Name: users_user_id_seq; Type: SEQUENCE; Schema: public; Owner: postgres
--

ALTER TABLE public.users ALTER COLUMN user_id ADD GENERATED BY DEFAULT AS IDENTITY (
    SEQUENCE NAME public.users_user_id_seq
    START WITH 1
    INCREMENT BY 1
    NO MINVALUE
    NO MAXVALUE
    CACHE 1
);


--
-- TOC entry 5042 (class 0 OID 16405)
-- Dependencies: 222
-- Data for Name: alarms; Type: TABLE DATA; Schema: public; Owner: postgres
--

COPY public.alarms (alarm_id, user_id, alarm_name, alarm_time, alarm_type, recurrence_type, is_smart_alarm) FROM stdin;
1	1	Morning Study	06:00:00	Daily	Every Day	t
2	2	Morning Workout	05:30:00	Daily	Every Day	t
3	3	Office Alarm	07:00:00	Weekday	Monday-Friday	f
4	4	Office Prep	06:20:00	Daily	Every Day	t
5	5	Study Start	05:50:00	Weekday	Monday-Friday	t
6	6	Fitness Kickoff	06:40:00	Daily	Every Day	f
7	7	Work Focus	06:10:00	Weekday	Monday-Friday	t
8	8	Mindful Morning	05:45:00	Daily	Every Day	t
9	9	Exam Prep	07:10:00	Weekday	Monday-Friday	f
10	10	Reading Alarm	06:30:00	Daily	Every Day	t
11	11	Language Practice	05:35:00	Daily	Every Day	f
12	12	Budget Review	06:45:00	Weekend	Saturday-Sunday	t
13	13	Meditation	07:20:00	Daily	Every Day	t
14	14	Project Check	06:15:00	Weekday	Monday-Friday	f
15	15	Planner Sync	05:55:00	Daily	Every Day	t
16	16	Focus Block	06:25:00	Weekday	Monday-Friday	t
17	17	Walk Reminder	07:05:00	Daily	Every Day	f
18	18	Breath Break	06:35:00	Daily	Every Day	t
19	19	Journal Time	05:40:00	Daily	Every Day	t
20	20	Run Warmup	06:50:00	Weekday	Monday-Friday	f
21	21	Deep Work	07:15:00	Daily	Every Day	t
22	22	Meal Prep	06:05:00	Weekend	Saturday-Sunday	f
23	23	Revision Hour	05:48:00	Daily	Every Day	t
24	24	Errand Reminder	06:55:00	Weekday	Monday-Friday	t
25	25	Speaking Drill	06:12:00	Daily	Every Day	f
26	26	Chore Check	05:58:00	Daily	Every Day	t
27	27	Focus Session	07:00:00	Weekday	Monday-Friday	t
28	28	Yoga Flow	06:22:00	Daily	Every Day	f
29	29	Sleep Wind Down	05:42:00	Daily	Every Day	t
30	30	Gym Start	06:40:00	Weekday	Monday-Friday	t
31	31	Doctor Appointment	08:00:00	One-Time Alarm	One-Time	f
32	32	Adaptive Wake-up	06:15:00	Smart Adaptive Alarm	Adaptive	t
\.


--
-- TOC entry 5044 (class 0 OID 16421)
-- Dependencies: 224
-- Data for Name: habits; Type: TABLE DATA; Schema: public; Owner: postgres
--

COPY public.habits (habit_id, user_id, habit_preference, habit_consistency, habit_adherence, sleep_routine) FROM stdin;
1	1	Morning Study	High	Excellent	Regular
2	2	Exercise	Medium	Good	Regular
3	3	No Snooze	Low	Average	Irregular
4	4	Morning journaling	High	Excellent	Regular
5	5	Reading before bed	Medium	Good	Regular
6	6	Evening walk	High	Excellent	Consistent
7	7	Tea meditation	Medium	Good	Regular
8	8	Study planning	High	Excellent	Consistent
9	9	Stretching	Low	Average	Irregular
10	10	Book reading	High	Excellent	Regular
11	11	Language practice	Medium	Good	Consistent
12	12	Budget review	Medium	Good	Regular
13	13	Meditation	High	Excellent	Consistent
14	14	Task tracking	Medium	Good	Regular
15	15	Planner habits	High	Excellent	Consistent
16	16	Focus blocks	Medium	Good	Regular
17	17	Walking routine	High	Excellent	Consistent
18	18	Breathing exercises	Medium	Good	Regular
19	19	Journaling	High	Excellent	Consistent
20	20	Running habit	High	Excellent	Regular
21	21	Pomodoro sessions	Medium	Good	Consistent
22	22	Meal prep	Low	Average	Irregular
23	23	Revision routine	High	Excellent	Regular
24	24	Household planning	Medium	Good	Regular
25	25	Voice practice	Low	Average	Irregular
26	26	Decluttering	Medium	Good	Consistent
27	27	Deep work	High	Excellent	Regular
28	28	Yoga practice	High	Excellent	Consistent
29	29	Night routine	Medium	Good	Regular
30	30	Gym routine	High	Excellent	Consistent
\.


--
-- TOC entry 5048 (class 0 OID 16449)
-- Dependencies: 228
-- Data for Name: reports; Type: TABLE DATA; Schema: public; Owner: postgres
--

COPY public.reports (report_id, user_id, report_type, report_format, report_data) FROM stdin;
1	1	Weekly Progress	Dashboard	Excellent wake-up consistency and study habits.
2	2	Fitness Report	PDF	Good workout consistency with regular sleep.
3	3	Habit Improvement	Dashboard	Needs improvement in wake-up consistency.
4	4	Weekly Progress	Dashboard	Strong morning routine and steady focus on daily tasks.
5	5	Study Review	PDF	Consistent reading habit improved exam preparation quality.
6	6	Fitness Report	Dashboard	Regular walking helped maintain better energy levels.
7	7	Mindfulness Summary	Email	Meditation practice reduced stress and improved calmness.
8	8	Exam Preparation	PDF	Structured study planning boosted confidence before exams.
9	9	Wellness Report	Dashboard	Stretching sessions improved posture and flexibility.
10	10	Reading Habit	Dashboard	Book reading time increased steadily over the week.
11	11	Language Progress	Email	Daily practice improved vocabulary retention and recall.
12	12	Budget Review	PDF	Weekly budget tracking supported better expense control.
13	13	Meditation Insights	Dashboard	Daily meditation improved concentration and relaxation.
14	14	Project Status	Dashboard	Task tracking kept milestones on schedule.
15	15	Planner Summary	PDF	Planner habits reduced missed commitments and delays.
16	16	Focus Report	Email	Focus blocks increased productive work during the day.
17	17	Walk Tracker	Dashboard	Morning walks supported better mood and stamina.
18	18	Breathing Review	PDF	Breathing exercises helped calm the mind before work.
19	19	Journal Reflection	Dashboard	Daily journaling improved self-awareness and clarity.
20	20	Running Progress	Email	Running routine built endurance and improved discipline.
21	21	Productivity Review	Dashboard	Pomodoro sessions reduced distractions and improved output.
22	22	Meal Preparation	PDF	Meal prep habits supported healthier eating choices.
23	23	Revision Summary	Dashboard	Revision routine strengthened retention for upcoming tests.
24	24	Household Planner	Email	Planning errands early reduced last-minute stress.
25	25	Speaking Feedback	Dashboard	Voice practice improved confidence in daily communication.
26	26	Declutter Report	PDF	Regular decluttering created a calmer home environment.
27	27	Deep Work Review	Dashboard	Extended focus sessions raised completion of important tasks.
28	28	Yoga Progress	Email	Yoga practice improved flexibility and balance over time.
29	29	Sleep Review	Dashboard	A more consistent night routine improved sleep quality.
30	30	Fitness Summary	PDF	Steady gym routine improved strength and energy levels.
31	32	Platform Analytics Report	Excel	Excel export sample for platform analytics and system reports.
\.


--
-- TOC entry 5046 (class 0 OID 16436)
-- Dependencies: 226
-- Data for Name: scores; Type: TABLE DATA; Schema: public; Owner: postgres
--

COPY public.scores (score_id, user_id, wakeup_consistency_score, habit_adherence_score, challenge_completion_score, productivity_score, sleep_routine_score) FROM stdin;
1	1	95.50	90.00	92.50	94.00	91.00
2	2	88.00	85.50	87.00	89.50	86.00
3	3	75.00	70.50	72.00	74.00	73.50
4	4	84.25	81.50	79.75	82.00	80.25
5	5	90.50	88.25	86.50	89.00	87.75
6	6	76.00	74.50	72.25	75.50	73.00
7	7	87.75	85.00	83.25	86.50	84.50
8	8	91.25	89.50	88.00	90.75	89.25
9	9	73.50	70.75	68.25	72.00	69.50
10	10	88.50	86.75	84.50	87.25	85.75
11	11	79.25	77.00	75.50	78.75	76.25
12	12	82.75	80.00	78.25	81.50	79.50
13	13	92.00	90.25	89.75	91.50	90.00
14	14	85.50	83.75	81.25	84.00	82.50
15	15	89.75	87.50	86.25	88.50	87.00
16	16	81.00	79.25	77.75	80.50	78.50
17	17	77.50	75.75	73.50	76.25	74.00
18	18	86.25	84.50	83.00	85.75	84.25
19	19	93.50	91.75	90.25	92.50	91.00
20	20	80.75	78.50	76.75	79.25	77.25
21	21	88.00	86.25	84.75	87.50	85.50
22	22	74.25	72.50	70.00	73.25	71.50
23	23	90.25	88.75	87.50	89.50	88.25
24	24	83.50	81.75	80.00	82.25	81.00
25	25	78.00	76.25	74.50	77.75	75.50
26	26	85.25	83.50	82.00	84.75	83.25
27	27	91.75	89.25	88.50	90.50	89.00
28	28	87.25	85.50	84.00	86.25	85.00
29	29	79.50	77.75	75.25	78.50	76.75
30	30	86.75	84.25	82.75	85.50	83.75
\.


--
-- TOC entry 5040 (class 0 OID 16390)
-- Dependencies: 220
-- Data for Name: users; Type: TABLE DATA; Schema: public; Owner: postgres
--

COPY public.users (user_id, full_name, email, password, role, preferred_wakeup_time, sleep_duration, time_zone, productivity_goal, difficulty_preference, habit_preference) FROM stdin;
1	Abdul Raheem	abdul@example.com	hashed_password_1	User	06:00:00	7.50	Asia/Kolkata	Wake up early and study	Medium	Morning study routine
2	Priya Sharma	priya@example.com	hashed_password_2	User	05:30:00	8.00	Asia/Kolkata	Improve fitness routine	Easy	Morning workout
3	Rahul Verma	rahul@example.com	hashed_password_3	User	07:00:00	6.50	Asia/Kolkata	Reduce snoozing	Hard	No snooze habit
4	Ananya Patel	ananya.patel@example.com	hashed_password_4	User	06:20:00	7.00	Asia/Kolkata	Finish work tasks before noon	Medium	Morning journaling
5	Deepak Nair	deepak.nair@example.com	hashed_password_5	User	05:50:00	7.50	Asia/Kolkata	Improve focus during study hours	Easy	Reading before bed
6	Meera Iyer	meera.iyer@example.com	hashed_password_6	User	06:40:00	8.00	Asia/Kolkata	Complete fitness goals	Hard	Evening walk
7	Karthik Rao	karthik.rao@example.com	hashed_password_7	User	06:10:00	7.20	Asia/Kolkata	Reduce screen time	Medium	Tea meditation
8	Sneha Joshi	sneha.joshi@example.com	hashed_password_8	User	05:45:00	8.30	Asia/Kolkata	Prepare for certification exams	Hard	Study planning
9	Arjun Menon	arjun.menon@example.com	hashed_password_9	User	07:10:00	6.80	Asia/Kolkata	Maintain consistent morning routine	Easy	Stretching
10	Nidhi Kapoor	nidhi.kapoor@example.com	hashed_password_10	User	06:30:00	7.80	Asia/Kolkata	Increase reading habit	Medium	Book reading
11	Vikram Singh	vikram.singh@example.com	hashed_password_11	User	05:35:00	8.10	Asia/Kolkata	Learn a new language	Hard	Language practice
12	Pooja Deshmukh	pooja.deshmukh@example.com	hashed_password_12	User	06:45:00	7.40	Asia/Kolkata	Develop better budgeting habits	Easy	Budget review
13	Suresh Bhatia	suresh.bhatia@example.com	hashed_password_13	User	07:20:00	6.70	Asia/Kolkata	Practice meditation daily	Medium	Meditation
14	Kavya Reddy	kavya.reddy@example.com	hashed_password_14	User	06:15:00	7.60	Asia/Kolkata	Complete project milestones	Hard	Task tracking
15	Mohan Khanna	mohan.khanna@example.com	hashed_password_15	User	05:55:00	8.00	Asia/Kolkata	Stay organized for exams	Medium	Planner habits
16	Aditi Malhotra	aditi.malhotra@example.com	hashed_password_16	User	06:25:00	7.30	Asia/Kolkata	Improve time management	Easy	Focus blocks
17	Rohan Pillai	rohan.pillai@example.com	hashed_password_17	User	07:05:00	6.90	Asia/Kolkata	Keep up with morning walks	Hard	Walking routine
18	Ishita Choudhary	ishita.choudhary@example.com	hashed_password_18	User	06:35:00	7.90	Asia/Kolkata	Balance work and rest	Medium	Breathing exercises
19	Aman Gupta	aman.gupta@example.com	hashed_password_19	User	05:40:00	8.20	Asia/Kolkata	Write daily journal entries	Easy	Journaling
20	Sanjana Kulkarni	sanjana.kulkarni@example.com	hashed_password_20	User	06:50:00	7.10	Asia/Kolkata	Train for a marathon	Hard	Running habit
21	Devansh Agarwal	devansh.agarwal@example.com	hashed_password_21	User	07:15:00	6.60	Asia/Kolkata	Reduce procrastination	Medium	Pomodoro sessions
22	Ritu Thakur	ritu.thakur@example.com	hashed_password_22	User	06:05:00	7.70	Asia/Kolkata	Improve cooking discipline	Easy	Meal prep
23	Nikhil Sharma	nikhil.sharma@example.com	hashed_password_23	User	05:48:00	8.40	Asia/Kolkata	Build a stronger study rhythm	Hard	Revision routine
24	Mansi Bhosale	mansi.bhosale@example.com	hashed_password_24	User	06:55:00	7.00	Asia/Kolkata	Plan weekly errands efficiently	Medium	Household planning
25	Harish Srinivasan	harish.srinivasan@example.com	hashed_password_25	User	06:12:00	7.50	Asia/Kolkata	Improve communication skills	Easy	Voice practice
26	Tanya Varma	tanya.varma@example.com	hashed_password_26	User	05:58:00	8.00	Asia/Kolkata	Finish household chores early	Hard	Decluttering
27	Amit Joshi	amit.joshi@example.com	hashed_password_27	User	07:00:00	6.80	Asia/Kolkata	Increase deep work sessions	Medium	Deep work
28	Divya Namboodiri	divya.namboodiri@example.com	hashed_password_28	User	06:22:00	7.40	Asia/Kolkata	Stay consistent with yoga	Easy	Yoga practice
29	Bhavya Mishra	bhavya.mishra@example.com	hashed_password_29	User	05:42:00	8.10	Asia/Kolkata	Build a healthier sleep schedule	Hard	Night routine
30	Yogesh Kamat	yogesh.kamat@example.com	hashed_password_30	User	06:40:00	7.20	Asia/Kolkata	Maintain a steady workout pace	Medium	Gym routine
31	Wellness Coach Demo	coach@example.com	hashed_password_coach	Wellness Coach	06:30:00	7.50	Asia/Kolkata	Monitor user habit progress	Medium	User behavior monitoring
32	Administrator Demo	admin@example.com	hashed_password_admin	Administrator	06:00:00	8.00	Asia/Kolkata	Manage platform users and reports	Hard	Platform management
\.


--
-- TOC entry 5054 (class 0 OID 0)
-- Dependencies: 221
-- Name: alarms_alarm_id_seq; Type: SEQUENCE SET; Schema: public; Owner: postgres
--

SELECT pg_catalog.setval('public.alarms_alarm_id_seq', 32, true);


--
-- TOC entry 5055 (class 0 OID 0)
-- Dependencies: 223
-- Name: habits_habit_id_seq; Type: SEQUENCE SET; Schema: public; Owner: postgres
--

SELECT pg_catalog.setval('public.habits_habit_id_seq', 30, true);


--
-- TOC entry 5056 (class 0 OID 0)
-- Dependencies: 227
-- Name: reports_report_id_seq; Type: SEQUENCE SET; Schema: public; Owner: postgres
--

SELECT pg_catalog.setval('public.reports_report_id_seq', 31, true);


--
-- TOC entry 5057 (class 0 OID 0)
-- Dependencies: 225
-- Name: scores_score_id_seq; Type: SEQUENCE SET; Schema: public; Owner: postgres
--

SELECT pg_catalog.setval('public.scores_score_id_seq', 30, true);


--
-- TOC entry 5058 (class 0 OID 0)
-- Dependencies: 219
-- Name: users_user_id_seq; Type: SEQUENCE SET; Schema: public; Owner: postgres
--

SELECT pg_catalog.setval('public.users_user_id_seq', 32, true);


--
-- TOC entry 4881 (class 2606 OID 16414)
-- Name: alarms alarms_pkey; Type: CONSTRAINT; Schema: public; Owner: postgres
--

ALTER TABLE ONLY public.alarms
    ADD CONSTRAINT alarms_pkey PRIMARY KEY (alarm_id);


--
-- TOC entry 4883 (class 2606 OID 16429)
-- Name: habits habits_pkey; Type: CONSTRAINT; Schema: public; Owner: postgres
--

ALTER TABLE ONLY public.habits
    ADD CONSTRAINT habits_pkey PRIMARY KEY (habit_id);


--
-- TOC entry 4887 (class 2606 OID 16458)
-- Name: reports reports_pkey; Type: CONSTRAINT; Schema: public; Owner: postgres
--

ALTER TABLE ONLY public.reports
    ADD CONSTRAINT reports_pkey PRIMARY KEY (report_id);


--
-- TOC entry 4885 (class 2606 OID 16442)
-- Name: scores scores_pkey; Type: CONSTRAINT; Schema: public; Owner: postgres
--

ALTER TABLE ONLY public.scores
    ADD CONSTRAINT scores_pkey PRIMARY KEY (score_id);


--
-- TOC entry 4877 (class 2606 OID 16401)
-- Name: users users_email_key; Type: CONSTRAINT; Schema: public; Owner: postgres
--

ALTER TABLE ONLY public.users
    ADD CONSTRAINT users_email_key UNIQUE (email);


--
-- TOC entry 4879 (class 2606 OID 16395)
-- Name: users users_pkey; Type: CONSTRAINT; Schema: public; Owner: postgres
--

ALTER TABLE ONLY public.users
    ADD CONSTRAINT users_pkey PRIMARY KEY (user_id);


--
-- TOC entry 4888 (class 2606 OID 16415)
-- Name: alarms fk_alarms_user; Type: FK CONSTRAINT; Schema: public; Owner: postgres
--

ALTER TABLE ONLY public.alarms
    ADD CONSTRAINT fk_alarms_user FOREIGN KEY (user_id) REFERENCES public.users(user_id);


--
-- TOC entry 4889 (class 2606 OID 16430)
-- Name: habits fk_habits_user; Type: FK CONSTRAINT; Schema: public; Owner: postgres
--

ALTER TABLE ONLY public.habits
    ADD CONSTRAINT fk_habits_user FOREIGN KEY (user_id) REFERENCES public.users(user_id);


--
-- TOC entry 4891 (class 2606 OID 16459)
-- Name: reports fk_reports_user; Type: FK CONSTRAINT; Schema: public; Owner: postgres
--

ALTER TABLE ONLY public.reports
    ADD CONSTRAINT fk_reports_user FOREIGN KEY (user_id) REFERENCES public.users(user_id);


--
-- TOC entry 4890 (class 2606 OID 16443)
-- Name: scores fk_scores_user; Type: FK CONSTRAINT; Schema: public; Owner: postgres
--

ALTER TABLE ONLY public.scores
    ADD CONSTRAINT fk_scores_user FOREIGN KEY (user_id) REFERENCES public.users(user_id);


-- Completed on 2026-07-07 16:29:57

--
-- PostgreSQL database dump complete
--

\unrestrict c9IxqqzWLGHQ4B9D7zyTAdWVOhGfx5ZWTrmWlooha7KoE439TuQgfY9PILsENaa

